State	Continent	1956	1957	1958	1959	1960	1961	1962	1963	1964	1965	1966	1967	1968	1969	1970	1971	1972	1973	1974	1975	1976	1977	1978	1979	1980	1981	1982	1983	1984	1985	1986	1987	1988	1989	1990	1991	1992	1993	1994	1995	1996	1997	1998	1999	2000	2001	2002	2003	2004	2005	2006	2007	2008	2009	2010	2011	2012	2013	2014	2015	2016	2017	2018	2019	2020	2021	2022	2023
Total	Total	1	1	1	2	3	3	5	8	8	12	13	15	16	17	19	27	27	29	37	44	50	56	67	72	82	87	96	101	108	116	137	146	167	236	315	360	461	540	703	816	1004	1146	1289	1473	1741	2003	2304	2766	3306	3928	4621	5370	6430	7448	8689	9863	11230	12780	14180	15874	17704	19825	22566	26832	33878	42291	48267	50517
United Arab Emirates	Asia	--- 	--- 	--- 	--- 	--- 	--- 	--- 	--- 	--- 	--- 	--- 	--- 	--- 	--- 	--- 	--- 	--- 	--- 	--- 	--- 	--- 	--- 	--- 	--- 	--- 	--- 	--- 	--- 	--- 	--- 	--- 	--- 	--- 	--- 	--- 	--- 	--- 	--- 	--- 	--- 	--- 	--- 	--- 	--- 	--- 	--- 	--- 	--- 	2	2	4	4	9	9	15	15	21	21	21	21	22	23	29	32	34	42	44	50
Albania	Asia	--- 	--- 	--- 	--- 	--- 	--- 	--- 	--- 	--- 	--- 	--- 	--- 	--- 	--- 	--- 	--- 	--- 	--- 	--- 	--- 	--- 	--- 	--- 	--- 	--- 	--- 	--- 	--- 	--- 	--- 	--- 	--- 	--- 	--- 	--- 	--- 	--- 	--- 	--- 	--- 	--- 	--- 	--- 	--- 	--- 	--- 	--- 	--- 	--- 	--- 	--- 	--- 	--- 	--- 	--- 	--- 	--- 	2	2	2	2	3	3	3	3	3	4	4
Armenia	Asia	--- 	--- 	--- 	--- 	--- 	--- 	--- 	--- 	--- 	--- 	--- 	--- 	--- 	--- 	--- 	--- 	--- 	--- 	--- 	--- 	--- 	--- 	--- 	--- 	--- 	--- 	--- 	--- 	--- 	--- 	--- 	--- 	--- 	--- 	--- 	--- 	--- 	--- 	--- 	--- 	--- 	--- 	--- 	--- 	--- 	--- 	--- 	--- 	--- 	--- 	--- 	--- 	--- 	--- 	--- 	--- 	--- 	--- 	--- 	--- 	--- 	--- 	--- 	--- 	--- 	1	5	5
Argentina	South America	--- 	--- 	--- 	--- 	--- 	--- 	--- 	--- 	--- 	--- 	--- 	--- 	--- 	--- 	1	1	1	1	1	1	1	1	1	1	1	1	1	1	1	1	1	1	2	2	2	2	2	2	2	2	2	2	2	2	3	4	4	4	4	6	8	8	8	16	16	16	16	27	28	28	30	41	43	44	62	77	78	78
Austria	Europe	--- 	--- 	--- 	--- 	--- 	--- 	--- 	--- 	--- 	--- 	--- 	--- 	--- 	--- 	--- 	--- 	--- 	--- 	--- 	--- 	--- 	--- 	--- 	--- 	--- 	--- 	--- 	--- 	--- 	--- 	--- 	--- 	--- 	--- 	--- 	--- 	1	1	1	1	1	1	1	1	1	2	11	12	13	13	13	13	21	21	21	24	33	33	35	36	39	41	56	64	83	112	122	122
Australia	Oceania	--- 	--- 	--- 	--- 	--- 	--- 	--- 	--- 	--- 	1	1	1	1	1	1	1	1	1	1	1	1	1	1	1	1	1	1	1	1	1	1	1	1	1	2	2	2	2	2	2	4	6	8	8	8	8	10	16	19	28	41	48	58	69	97	113	139	181	205	242	285	322	355	394	509	646	743	766
Azerbaijan	Asia	--- 	--- 	--- 	--- 	--- 	--- 	--- 	--- 	--- 	--- 	--- 	--- 	--- 	--- 	--- 	--- 	--- 	--- 	--- 	--- 	--- 	--- 	--- 	--- 	--- 	--- 	--- 	--- 	--- 	--- 	--- 	--- 	--- 	--- 	--- 	--- 	--- 	--- 	--- 	--- 	--- 	--- 	--- 	--- 	--- 	--- 	--- 	--- 	--- 	--- 	--- 	--- 	--- 	--- 	--- 	--- 	--- 	--- 	--- 	--- 	--- 	--- 	--- 	--- 	2	7	7	7
Bosnia and Herzegovina	Europe	--- 	--- 	--- 	--- 	--- 	--- 	--- 	--- 	--- 	--- 	--- 	--- 	--- 	--- 	--- 	--- 	--- 	--- 	--- 	--- 	--- 	--- 	--- 	--- 	--- 	--- 	--- 	--- 	--- 	--- 	--- 	--- 	--- 	--- 	--- 	--- 	--- 	--- 	--- 	--- 	--- 	--- 	--- 	--- 	--- 	--- 	--- 	--- 	--- 	--- 	--- 	--- 	--- 	--- 	--- 	--- 	--- 	--- 	--- 	--- 	--- 	--- 	--- 	2	2	2	2	2
Bangladesh	Asia	--- 	--- 	--- 	--- 	--- 	--- 	--- 	--- 	--- 	--- 	--- 	--- 	--- 	--- 	--- 	--- 	--- 	--- 	--- 	--- 	--- 	--- 	--- 	--- 	--- 	--- 	--- 	--- 	--- 	--- 	--- 	--- 	--- 	--- 	--- 	--- 	--- 	--- 	--- 	--- 	--- 	--- 	3	3	3	3	3	3	3	3	8	10	10	10	10	10	10	10	12	12	17	22	40	96	155	226	281	295
Belgium	Europe	--- 	--- 	--- 	--- 	--- 	--- 	--- 	--- 	--- 	--- 	--- 	--- 	--- 	--- 	--- 	--- 	--- 	--- 	--- 	--- 	--- 	--- 	--- 	--- 	--- 	--- 	--- 	--- 	--- 	--- 	--- 	--- 	--- 	1	1	1	1	1	1	2	3	3	3	3	3	11	19	20	24	28	29	47	53	62	70	94	110	130	164	178	195	216	242	251	281	290	317	324
Bulgaria	Europe	--- 	--- 	--- 	--- 	--- 	--- 	--- 	--- 	--- 	--- 	--- 	--- 	--- 	--- 	--- 	--- 	--- 	--- 	--- 	--- 	--- 	--- 	--- 	--- 	--- 	--- 	--- 	--- 	--- 	--- 	--- 	--- 	--- 	--- 	--- 	--- 	--- 	--- 	--- 	--- 	--- 	--- 	--- 	--- 	--- 	--- 	--- 	--- 	--- 	--- 	--- 	--- 	--- 	2	2	2	2	4	4	4	4	4	5	8	17	19	19	19
Bahrain	Asia	--- 	--- 	--- 	--- 	--- 	--- 	--- 	--- 	--- 	--- 	--- 	--- 	--- 	--- 	--- 	--- 	--- 	--- 	--- 	--- 	--- 	--- 	--- 	--- 	--- 	--- 	--- 	--- 	--- 	--- 	--- 	--- 	--- 	--- 	--- 	--- 	--- 	--- 	--- 	--- 	--- 	--- 	--- 	--- 	--- 	--- 	--- 	--- 	--- 	--- 	--- 	--- 	--- 	--- 	--- 	--- 	--- 	--- 	--- 	--- 	--- 	1	1	1	1	1	1	3
Burundi	Africa	--- 	--- 	--- 	--- 	--- 	--- 	--- 	--- 	--- 	--- 	--- 	--- 	--- 	--- 	--- 	--- 	--- 	--- 	--- 	--- 	--- 	--- 	--- 	--- 	--- 	--- 	--- 	--- 	--- 	--- 	--- 	--- 	--- 	--- 	--- 	--- 	--- 	--- 	--- 	--- 	--- 	--- 	--- 	--- 	--- 	--- 	--- 	--- 	--- 	--- 	--- 	--- 	--- 	--- 	--- 	--- 	--- 	1	1	1	2	2	2	3	3	6	6	6
Brunei	Asia	--- 	--- 	--- 	--- 	--- 	--- 	--- 	--- 	--- 	--- 	--- 	--- 	--- 	--- 	--- 	--- 	--- 	--- 	--- 	--- 	--- 	--- 	--- 	--- 	--- 	--- 	--- 	--- 	--- 	--- 	--- 	--- 	--- 	--- 	--- 	--- 	--- 	--- 	--- 	--- 	--- 	--- 	--- 	--- 	--- 	--- 	--- 	--- 	--- 	--- 	--- 	--- 	--- 	--- 	--- 	--- 	--- 	--- 	--- 	--- 	--- 	--- 	--- 	--- 	3	3	3	3
Brazil	South America	--- 	--- 	--- 	--- 	--- 	--- 	--- 	--- 	--- 	--- 	--- 	--- 	--- 	--- 	--- 	--- 	--- 	--- 	--- 	--- 	--- 	--- 	1	1	1	1	1	1	1	1	2	2	2	2	2	2	2	2	2	2	2	4	4	4	4	4	4	4	5	6	6	8	18	25	29	35	44	55	73	83	94	108	123	140	205	265	364	374
Bahamas	North America	--- 	--- 	--- 	--- 	--- 	--- 	--- 	--- 	--- 	--- 	--- 	--- 	--- 	--- 	--- 	--- 	--- 	--- 	--- 	--- 	--- 	--- 	--- 	--- 	--- 	--- 	--- 	--- 	--- 	--- 	--- 	--- 	--- 	--- 	--- 	--- 	--- 	--- 	--- 	--- 	--- 	--- 	--- 	--- 	--- 	--- 	--- 	--- 	--- 	--- 	--- 	--- 	--- 	--- 	--- 	--- 	--- 	--- 	--- 	--- 	--- 	--- 	--- 	--- 	--- 	--- 	1	1
Belarus	Europe	--- 	--- 	--- 	--- 	--- 	--- 	--- 	--- 	--- 	--- 	--- 	--- 	--- 	--- 	--- 	--- 	--- 	--- 	--- 	--- 	--- 	--- 	--- 	--- 	--- 	--- 	--- 	--- 	--- 	--- 	--- 	--- 	--- 	--- 	--- 	--- 	--- 	--- 	--- 	--- 	--- 	--- 	--- 	--- 	--- 	--- 	--- 	--- 	--- 	1	1	1	1	1	1	1	1	1	1	1	1	1	1	1	1	2	2	2
Canada	North America	--- 	--- 	--- 	--- 	--- 	--- 	--- 	--- 	--- 	--- 	--- 	--- 	--- 	--- 	--- 	--- 	--- 	--- 	--- 	--- 	1	1	1	2	4	4	5	5	6	8	13	13	14	19	21	21	21	24	27	40	47	62	64	65	76	79	79	112	128	145	166	185	198	230	268	284	314	352	397	422	487	548	599	656	815	963	1065	1091
Switzerland	Europe	--- 	--- 	--- 	--- 	--- 	--- 	--- 	--- 	--- 	--- 	--- 	--- 	--- 	--- 	--- 	--- 	--- 	--- 	--- 	--- 	--- 	--- 	--- 	--- 	--- 	--- 	--- 	--- 	--- 	--- 	--- 	--- 	--- 	--- 	--- 	--- 	--- 	--- 	--- 	--- 	--- 	--- 	--- 	1	1	8	9	12	27	35	52	59	79	96	105	124	136	143	161	172	183	204	219	270	307	432	479	506
Chile	South America	--- 	--- 	--- 	--- 	--- 	--- 	--- 	--- 	--- 	--- 	--- 	--- 	--- 	--- 	--- 	--- 	--- 	--- 	--- 	--- 	--- 	--- 	--- 	--- 	--- 	--- 	--- 	--- 	--- 	--- 	--- 	--- 	--- 	--- 	--- 	--- 	--- 	--- 	--- 	--- 	--- 	--- 	--- 	--- 	1	2	2	2	2	4	4	4	4	5	10	11	15	15	16	16	19	19	20	20	30	52	56	56
Cameroon	Africa	--- 	--- 	--- 	--- 	--- 	--- 	--- 	--- 	--- 	--- 	--- 	--- 	--- 	--- 	--- 	--- 	--- 	--- 	--- 	--- 	--- 	--- 	--- 	--- 	--- 	--- 	--- 	--- 	--- 	--- 	--- 	--- 	--- 	--- 	--- 	--- 	--- 	--- 	--- 	--- 	--- 	--- 	--- 	--- 	--- 	--- 	--- 	--- 	--- 	--- 	--- 	--- 	--- 	--- 	--- 	--- 	--- 	--- 	--- 	--- 	--- 	--- 	--- 	--- 	--- 	3	3	3
China	Asia	--- 	--- 	--- 	--- 	--- 	--- 	--- 	--- 	--- 	--- 	--- 	--- 	--- 	--- 	--- 	--- 	--- 	--- 	--- 	--- 	--- 	--- 	--- 	--- 	--- 	--- 	--- 	--- 	--- 	--- 	--- 	--- 	--- 	--- 	1	1	1	1	6	6	7	10	15	17	54	63	103	163	238	355	495	652	849	1078	1291	1455	1702	1943	2169	2454	2692	3027	3571	4569	6001	7807	9498	10067
Colombia	South America	--- 	--- 	--- 	--- 	--- 	--- 	--- 	--- 	--- 	--- 	--- 	--- 	--- 	--- 	--- 	--- 	--- 	--- 	--- 	--- 	--- 	--- 	--- 	--- 	--- 	--- 	--- 	--- 	--- 	--- 	--- 	--- 	--- 	--- 	1	1	1	1	1	1	1	1	1	1	1	1	1	2	3	7	7	7	7	7	7	16	17	17	17	21	25	30	31	32	32	36	39	39
Cuba	North America	--- 	--- 	--- 	--- 	--- 	--- 	--- 	--- 	--- 	--- 	--- 	--- 	--- 	--- 	--- 	--- 	--- 	--- 	--- 	--- 	--- 	--- 	--- 	--- 	--- 	--- 	--- 	--- 	--- 	--- 	--- 	--- 	--- 	--- 	--- 	--- 	--- 	--- 	--- 	--- 	--- 	--- 	--- 	--- 	--- 	--- 	--- 	--- 	--- 	--- 	--- 	--- 	--- 	--- 	--- 	--- 	--- 	3	3	3	3	3	3	3	3	3	3	3
Cyprus	Asia	--- 	--- 	--- 	--- 	--- 	--- 	--- 	--- 	--- 	--- 	--- 	--- 	--- 	--- 	--- 	--- 	--- 	--- 	--- 	--- 	--- 	--- 	--- 	--- 	--- 	--- 	--- 	--- 	--- 	--- 	--- 	--- 	--- 	--- 	--- 	--- 	--- 	--- 	--- 	--- 	--- 	--- 	--- 	--- 	--- 	--- 	--- 	--- 	--- 	--- 	--- 	--- 	--- 	--- 	--- 	--- 	--- 	--- 	--- 	1	1	1	1	1	3	13	15	15
Czech	Europe	--- 	--- 	--- 	--- 	--- 	--- 	--- 	--- 	--- 	--- 	--- 	--- 	--- 	--- 	--- 	--- 	--- 	--- 	--- 	--- 	--- 	--- 	--- 	--- 	--- 	--- 	--- 	--- 	--- 	--- 	--- 	--- 	--- 	--- 	--- 	--- 	--- 	--- 	--- 	--- 	--- 	--- 	--- 	6	11	11	13	17	26	28	45	51	73	76	98	130	156	180	216	228	257	270	296	328	365	422	440	449
Germany	Europe	--- 	--- 	--- 	--- 	--- 	--- 	--- 	--- 	--- 	--- 	--- 	--- 	--- 	--- 	--- 	--- 	--- 	1	4	4	4	4	4	4	4	4	4	4	4	4	4	5	9	13	26	27	35	37	40	45	58	79	92	107	141	159	176	185	199	206	216	240	273	326	378	428	528	615	708	772	853	928	1022	1168	1472	1830	2056	2133
Djibouti	Africa	--- 	--- 	--- 	--- 	--- 	--- 	--- 	--- 	--- 	--- 	--- 	--- 	--- 	--- 	--- 	--- 	--- 	--- 	--- 	--- 	--- 	--- 	--- 	--- 	--- 	--- 	--- 	--- 	--- 	--- 	--- 	--- 	--- 	--- 	--- 	--- 	--- 	--- 	--- 	--- 	--- 	--- 	--- 	--- 	--- 	--- 	--- 	--- 	--- 	--- 	--- 	1	1	1	1	1	1	1	1	1	1	1	1	1	1	1	1	1
Denmark	Europe	--- 	--- 	--- 	--- 	--- 	--- 	--- 	--- 	--- 	--- 	--- 	--- 	--- 	--- 	--- 	--- 	--- 	--- 	--- 	--- 	--- 	--- 	1	1	1	1	2	2	2	2	2	2	2	2	2	2	2	2	2	2	3	3	3	3	3	3	3	3	3	5	5	5	5	6	11	23	26	29	32	36	40	40	51	75	95	121	128	129
Algeria	Africa	--- 	--- 	--- 	--- 	--- 	--- 	--- 	--- 	--- 	--- 	--- 	--- 	--- 	--- 	--- 	--- 	--- 	--- 	--- 	--- 	--- 	--- 	--- 	--- 	--- 	--- 	--- 	--- 	--- 	--- 	--- 	--- 	--- 	--- 	--- 	--- 	--- 	--- 	--- 	--- 	--- 	--- 	--- 	--- 	--- 	--- 	--- 	--- 	--- 	--- 	--- 	--- 	--- 	4	6	10	11	13	17	22	26	29	34	34	45	57	71	74
Ecuador	South America	--- 	--- 	--- 	--- 	--- 	--- 	--- 	--- 	--- 	--- 	--- 	--- 	--- 	--- 	--- 	--- 	--- 	--- 	--- 	--- 	--- 	--- 	--- 	--- 	--- 	--- 	--- 	--- 	--- 	--- 	--- 	--- 	--- 	--- 	--- 	--- 	--- 	--- 	--- 	--- 	--- 	--- 	--- 	--- 	--- 	--- 	--- 	--- 	--- 	--- 	--- 	--- 	--- 	--- 	--- 	--- 	--- 	--- 	--- 	--- 	1	4	5	5	5	11	13	13
Estonia	Europe	--- 	--- 	--- 	--- 	--- 	--- 	--- 	--- 	--- 	--- 	--- 	--- 	--- 	--- 	--- 	--- 	--- 	--- 	--- 	--- 	--- 	--- 	--- 	--- 	--- 	--- 	--- 	--- 	--- 	--- 	--- 	--- 	--- 	--- 	--- 	--- 	--- 	--- 	--- 	--- 	--- 	--- 	--- 	--- 	--- 	--- 	--- 	--- 	1	1	2	3	4	4	8	8	9	10	10	11	11	14	14	14	22	24	25	28
Egypt	Africa	--- 	--- 	--- 	--- 	--- 	--- 	--- 	--- 	--- 	--- 	--- 	--- 	--- 	--- 	--- 	--- 	--- 	--- 	--- 	--- 	--- 	--- 	--- 	--- 	--- 	--- 	--- 	--- 	--- 	--- 	--- 	2	2	2	2	2	2	2	2	2	2	2	2	2	2	2	2	6	7	8	14	16	18	19	19	19	19	20	30	40	44	49	68	75	83	105	151	151
Spain	Europe	--- 	--- 	--- 	--- 	--- 	--- 	--- 	--- 	--- 	--- 	--- 	--- 	--- 	--- 	--- 	--- 	--- 	--- 	--- 	--- 	--- 	--- 	--- 	--- 	--- 	--- 	--- 	--- 	--- 	--- 	--- 	--- 	--- 	--- 	--- 	2	2	4	8	15	21	34	36	51	72	81	104	121	159	200	217	250	293	329	416	484	514	564	607	653	686	733	754	801	854	982	1053	1077
Ethiopia	Africa	--- 	--- 	--- 	--- 	--- 	--- 	--- 	--- 	--- 	--- 	--- 	--- 	--- 	--- 	--- 	--- 	--- 	--- 	--- 	--- 	--- 	--- 	--- 	--- 	--- 	--- 	--- 	--- 	--- 	--- 	--- 	--- 	--- 	--- 	--- 	--- 	--- 	--- 	--- 	--- 	--- 	--- 	--- 	--- 	--- 	--- 	--- 	--- 	--- 	--- 	--- 	--- 	--- 	--- 	--- 	--- 	--- 	--- 	2	4	4	4	4	4	10	16	23	28
Finland	Europe	--- 	--- 	--- 	--- 	--- 	--- 	--- 	--- 	--- 	--- 	--- 	--- 	--- 	--- 	--- 	--- 	--- 	--- 	--- 	--- 	--- 	--- 	--- 	--- 	--- 	--- 	--- 	--- 	--- 	--- 	--- 	--- 	--- 	--- 	--- 	--- 	--- 	--- 	--- 	3	5	7	7	7	8	14	18	22	23	26	40	45	46	57	71	76	89	98	107	119	129	136	150	155	203	243	279	298
Fiji	Oceania	--- 	--- 	--- 	--- 	--- 	--- 	--- 	--- 	--- 	--- 	--- 	--- 	--- 	--- 	--- 	--- 	--- 	--- 	--- 	--- 	--- 	--- 	--- 	--- 	--- 	--- 	--- 	--- 	--- 	--- 	--- 	--- 	--- 	--- 	--- 	--- 	--- 	--- 	--- 	--- 	--- 	--- 	--- 	--- 	--- 	--- 	--- 	--- 	--- 	--- 	--- 	--- 	--- 	--- 	--- 	--- 	--- 	--- 	--- 	8	8	8	8	8	8	8	8	8
Faroe Islands	Europe	--- 	--- 	--- 	--- 	--- 	--- 	--- 	--- 	--- 	--- 	--- 	--- 	--- 	--- 	--- 	--- 	--- 	--- 	--- 	--- 	--- 	--- 	--- 	--- 	--- 	--- 	--- 	--- 	--- 	--- 	--- 	--- 	--- 	--- 	--- 	--- 	--- 	--- 	--- 	--- 	--- 	--- 	--- 	--- 	--- 	--- 	--- 	--- 	--- 	--- 	--- 	--- 	--- 	--- 	--- 	--- 	--- 	--- 	--- 	--- 	--- 	--- 	--- 	--- 	--- 	--- 	2	2
France	Europe	--- 	--- 	--- 	--- 	--- 	--- 	--- 	--- 	--- 	--- 	--- 	--- 	--- 	--- 	--- 	--- 	--- 	--- 	3	3	3	3	3	3	3	3	3	3	3	3	5	6	6	7	7	9	16	21	38	42	53	62	69	81	94	120	123	157	163	214	241	280	342	398	446	492	533	568	605	684	743	834	889	974	1067	1196	1310	1345
Great Britain	Europe	--- 	--- 	--- 	1	1	1	1	3	3	5	5	7	7	8	8	15	15	16	16	16	16	16	17	18	18	18	19	19	19	20	20	22	23	23	27	33	40	44	62	76	93	111	118	134	147	153	165	195	216	249	285	317	358	424	497	518	589	689	782	900	1013	1114	1251	1416	1796	2235	2427	2497
Georgia	Asia	--- 	--- 	--- 	--- 	--- 	--- 	--- 	--- 	--- 	--- 	--- 	--- 	--- 	--- 	--- 	--- 	--- 	--- 	--- 	--- 	--- 	--- 	--- 	--- 	--- 	--- 	--- 	--- 	--- 	--- 	--- 	--- 	--- 	--- 	--- 	--- 	--- 	--- 	--- 	--- 	--- 	--- 	--- 	--- 	--- 	--- 	--- 	--- 	--- 	--- 	--- 	--- 	--- 	--- 	--- 	--- 	--- 	--- 	--- 	--- 	--- 	--- 	--- 	--- 	--- 	3	3	3
Ghana	Africa	--- 	--- 	--- 	--- 	--- 	--- 	--- 	--- 	--- 	--- 	--- 	--- 	--- 	--- 	--- 	--- 	--- 	--- 	--- 	--- 	--- 	--- 	--- 	--- 	--- 	--- 	--- 	--- 	--- 	--- 	--- 	--- 	--- 	--- 	--- 	--- 	--- 	--- 	--- 	--- 	--- 	--- 	--- 	--- 	--- 	--- 	--- 	--- 	--- 	--- 	--- 	--- 	--- 	--- 	--- 	--- 	--- 	--- 	--- 	--- 	--- 	--- 	1	1	1	4	4	4
Greece	Europe	--- 	--- 	--- 	--- 	--- 	--- 	--- 	--- 	--- 	--- 	--- 	--- 	--- 	--- 	--- 	--- 	--- 	--- 	--- 	--- 	--- 	--- 	--- 	--- 	--- 	--- 	--- 	--- 	--- 	--- 	--- 	--- 	--- 	--- 	--- 	--- 	--- 	--- 	--- 	--- 	--- 	--- 	--- 	1	1	2	2	2	5	14	27	34	41	42	47	54	64	70	83	93	106	114	119	130	141	175	201	205
Croatia	Europe	--- 	--- 	--- 	--- 	--- 	--- 	--- 	--- 	--- 	--- 	--- 	--- 	--- 	--- 	--- 	--- 	--- 	--- 	--- 	--- 	--- 	--- 	--- 	--- 	--- 	--- 	--- 	--- 	--- 	--- 	--- 	--- 	--- 	--- 	--- 	--- 	--- 	--- 	--- 	--- 	--- 	--- 	--- 	--- 	--- 	--- 	--- 	--- 	--- 	--- 	--- 	--- 	3	3	4	11	11	11	17	22	22	26	26	26	26	30	33	39
Haiti	North America	--- 	--- 	--- 	--- 	--- 	--- 	--- 	--- 	--- 	--- 	--- 	--- 	--- 	--- 	--- 	--- 	--- 	--- 	--- 	--- 	--- 	--- 	--- 	--- 	--- 	--- 	--- 	--- 	--- 	--- 	--- 	--- 	--- 	--- 	--- 	--- 	--- 	--- 	--- 	--- 	--- 	--- 	--- 	--- 	--- 	--- 	--- 	--- 	--- 	--- 	--- 	--- 	--- 	--- 	--- 	--- 	--- 	--- 	--- 	--- 	--- 	--- 	--- 	--- 	1	1	1	1
Hungary	Europe	--- 	--- 	--- 	--- 	--- 	--- 	--- 	--- 	--- 	--- 	--- 	--- 	--- 	--- 	--- 	--- 	--- 	--- 	--- 	--- 	--- 	--- 	--- 	--- 	--- 	--- 	--- 	--- 	--- 	--- 	--- 	--- 	--- 	--- 	--- 	--- 	--- 	--- 	--- 	--- 	--- 	--- 	--- 	--- 	--- 	--- 	1	1	1	1	4	18	18	18	33	40	46	57	58	62	63	67	67	75	86	89	101	108
Indonesia	Asia	--- 	--- 	--- 	--- 	--- 	--- 	--- 	--- 	--- 	--- 	--- 	--- 	--- 	--- 	--- 	--- 	--- 	--- 	--- 	--- 	--- 	--- 	--- 	--- 	--- 	--- 	--- 	--- 	--- 	--- 	--- 	--- 	--- 	--- 	--- 	--- 	--- 	--- 	--- 	--- 	--- 	--- 	--- 	--- 	--- 	--- 	--- 	--- 	--- 	--- 	--- 	--- 	--- 	2	2	5	6	6	15	39	46	80	121	166	251	368	463	487
Ireland	Europe	--- 	--- 	--- 	--- 	--- 	--- 	--- 	--- 	--- 	--- 	--- 	--- 	--- 	--- 	--- 	--- 	--- 	--- 	--- 	--- 	--- 	--- 	--- 	--- 	--- 	--- 	--- 	--- 	--- 	--- 	--- 	--- 	--- 	--- 	--- 	--- 	--- 	--- 	--- 	--- 	--- 	--- 	--- 	--- 	--- 	--- 	--- 	1	1	6	6	6	6	18	30	32	48	63	75	81	102	118	135	151	170	197	213	220
Israel	Asia	--- 	--- 	--- 	--- 	--- 	--- 	--- 	--- 	--- 	--- 	--- 	--- 	--- 	--- 	--- 	--- 	--- 	--- 	--- 	--- 	--- 	--- 	--- 	--- 	--- 	--- 	--- 	--- 	--- 	--- 	--- 	--- 	--- 	--- 	--- 	--- 	--- 	--- 	--- 	1	2	2	3	4	4	4	4	8	8	10	13	14	18	23	28	31	59	65	87	101	155	193	236	421	714	950	990	1008
India	Asia	--- 	--- 	--- 	--- 	--- 	--- 	--- 	--- 	--- 	--- 	--- 	--- 	--- 	--- 	--- 	--- 	--- 	--- 	--- 	--- 	--- 	--- 	--- 	--- 	--- 	--- 	--- 	--- 	--- 	--- 	--- 	--- 	--- 	--- 	--- 	--- 	--- 	1	1	1	1	1	1	2	2	4	5	8	19	21	29	43	53	71	92	115	164	220	259	337	419	509	616	770	1072	1498	1983	2195
Iraq	Asia	--- 	--- 	--- 	--- 	--- 	--- 	--- 	--- 	--- 	--- 	--- 	--- 	--- 	--- 	--- 	--- 	--- 	--- 	--- 	--- 	--- 	--- 	--- 	--- 	--- 	--- 	--- 	--- 	--- 	--- 	--- 	--- 	--- 	--- 	--- 	--- 	--- 	--- 	--- 	--- 	--- 	--- 	--- 	--- 	--- 	--- 	--- 	--- 	--- 	--- 	--- 	--- 	--- 	--- 	--- 	--- 	--- 	--- 	--- 	1	1	1	5	7	12	22	32	38
Iran	Asia	--- 	--- 	--- 	--- 	--- 	--- 	--- 	--- 	--- 	--- 	--- 	--- 	--- 	--- 	--- 	--- 	--- 	--- 	--- 	--- 	--- 	--- 	--- 	--- 	--- 	--- 	--- 	--- 	--- 	--- 	--- 	--- 	--- 	--- 	--- 	--- 	--- 	--- 	--- 	--- 	--- 	--- 	--- 	--- 	1	1	1	1	1	3	3	15	20	25	29	55	57	68	79	86	97	109	120	152	173	226	255	258
Iceland	Europe	--- 	--- 	--- 	--- 	--- 	--- 	--- 	--- 	--- 	--- 	--- 	--- 	--- 	--- 	--- 	--- 	--- 	--- 	--- 	--- 	--- 	--- 	--- 	--- 	--- 	--- 	--- 	--- 	--- 	--- 	--- 	--- 	--- 	--- 	--- 	--- 	--- 	--- 	--- 	--- 	--- 	--- 	--- 	--- 	--- 	--- 	--- 	--- 	--- 	--- 	--- 	--- 	--- 	--- 	--- 	--- 	--- 	--- 	--- 	--- 	--- 	--- 	--- 	--- 	4	5	5	5
Italy	Europe	--- 	--- 	--- 	--- 	--- 	--- 	--- 	--- 	--- 	--- 	--- 	--- 	--- 	--- 	--- 	--- 	--- 	--- 	--- 	--- 	--- 	--- 	1	1	1	1	1	1	1	1	2	2	2	16	18	18	21	21	21	21	23	26	32	33	36	42	43	46	54	65	70	88	101	117	136	148	160	190	197	224	235	249	263	291	391	469	558	583
Jordan	Asia	--- 	--- 	--- 	--- 	--- 	--- 	--- 	--- 	--- 	--- 	--- 	--- 	--- 	--- 	--- 	--- 	--- 	--- 	--- 	--- 	--- 	--- 	--- 	--- 	--- 	--- 	--- 	--- 	--- 	--- 	--- 	--- 	--- 	--- 	--- 	--- 	--- 	--- 	--- 	--- 	--- 	--- 	--- 	--- 	--- 	--- 	--- 	--- 	--- 	2	2	2	2	2	2	5	6	6	12	12	12	12	12	16	19	27	51	53
Japan	Asia	--- 	--- 	--- 	--- 	--- 	--- 	--- 	--- 	--- 	--- 	--- 	--- 	--- 	--- 	--- 	--- 	--- 	--- 	--- 	--- 	--- 	--- 	--- 	--- 	2	6	6	6	6	6	7	7	7	7	11	15	21	24	53	62	82	89	109	139	168	189	214	247	303	362	394	458	555	622	683	772	877	1016	1089	1191	1299	1395	1519	1686	1901	2115	2259	2343
Kenya	Africa	--- 	--- 	--- 	--- 	--- 	--- 	--- 	--- 	--- 	--- 	--- 	--- 	--- 	--- 	--- 	--- 	--- 	--- 	--- 	--- 	--- 	--- 	--- 	--- 	--- 	--- 	--- 	--- 	--- 	--- 	--- 	--- 	--- 	--- 	--- 	--- 	--- 	--- 	--- 	--- 	--- 	--- 	--- 	--- 	--- 	--- 	--- 	--- 	--- 	--- 	--- 	--- 	--- 	--- 	--- 	--- 	--- 	--- 	--- 	--- 	--- 	--- 	--- 	1	1	4	4	4
Cambodia	Asia	--- 	--- 	--- 	--- 	--- 	--- 	--- 	--- 	--- 	--- 	--- 	--- 	--- 	--- 	--- 	--- 	--- 	--- 	--- 	--- 	--- 	--- 	--- 	--- 	--- 	--- 	--- 	--- 	--- 	--- 	--- 	--- 	--- 	--- 	--- 	--- 	--- 	--- 	--- 	--- 	--- 	--- 	--- 	--- 	--- 	--- 	--- 	--- 	--- 	--- 	--- 	--- 	--- 	--- 	--- 	--- 	--- 	--- 	--- 	--- 	--- 	--- 	--- 	--- 	--- 	--- 	5	5
D.P.R.Korea	Asia	--- 	--- 	--- 	--- 	--- 	--- 	--- 	--- 	--- 	--- 	--- 	--- 	--- 	--- 	--- 	--- 	--- 	--- 	--- 	--- 	--- 	--- 	--- 	--- 	--- 	--- 	--- 	--- 	--- 	--- 	--- 	--- 	--- 	--- 	--- 	--- 	--- 	--- 	1	1	4	5	10	18	20	20	20	34	72	81	88	100	117	130	140	165	193	215	235	274	325	383	468	555	698	928	1069	1162
Kuwait	Asia	--- 	--- 	--- 	--- 	--- 	--- 	--- 	--- 	--- 	--- 	--- 	--- 	--- 	--- 	--- 	--- 	--- 	--- 	--- 	--- 	--- 	--- 	--- 	--- 	--- 	--- 	--- 	--- 	--- 	--- 	--- 	--- 	--- 	--- 	--- 	--- 	--- 	--- 	--- 	--- 	--- 	--- 	--- 	--- 	--- 	--- 	--- 	--- 	1	1	1	1	1	1	1	1	1	1	1	1	1	3	7	7	9	10	10	10
Cayman Islands	North America	--- 	--- 	--- 	--- 	--- 	--- 	--- 	--- 	--- 	--- 	--- 	--- 	--- 	--- 	--- 	--- 	--- 	--- 	--- 	--- 	--- 	--- 	--- 	--- 	--- 	--- 	--- 	--- 	--- 	--- 	--- 	--- 	--- 	--- 	--- 	--- 	--- 	--- 	--- 	--- 	--- 	--- 	--- 	--- 	--- 	--- 	--- 	--- 	--- 	--- 	--- 	--- 	--- 	--- 	--- 	--- 	--- 	--- 	--- 	--- 	--- 	--- 	1	9	16	20	32	35
Kazakhstan	Asia	--- 	--- 	--- 	--- 	--- 	--- 	--- 	--- 	--- 	--- 	--- 	--- 	--- 	--- 	--- 	--- 	--- 	--- 	--- 	--- 	--- 	--- 	--- 	--- 	--- 	--- 	--- 	--- 	--- 	--- 	--- 	--- 	--- 	--- 	--- 	--- 	--- 	--- 	--- 	--- 	--- 	--- 	--- 	--- 	--- 	--- 	--- 	--- 	--- 	--- 	--- 	--- 	--- 	--- 	--- 	--- 	--- 	1	1	1	3	10	10	11	12	23	39	45
Lebanon	Asia	--- 	--- 	--- 	--- 	--- 	--- 	--- 	--- 	--- 	--- 	--- 	--- 	--- 	--- 	--- 	--- 	--- 	--- 	--- 	--- 	--- 	--- 	--- 	--- 	--- 	--- 	--- 	--- 	--- 	--- 	--- 	--- 	--- 	--- 	--- 	--- 	--- 	--- 	--- 	--- 	--- 	--- 	--- 	--- 	--- 	--- 	--- 	--- 	1	1	1	1	2	2	3	5	5	5	5	6	6	6	8	8	12	16	19	28
Sri Lanka	Asia	--- 	--- 	--- 	--- 	--- 	--- 	--- 	--- 	--- 	--- 	--- 	--- 	--- 	--- 	--- 	--- 	--- 	--- 	--- 	--- 	--- 	--- 	--- 	--- 	--- 	--- 	--- 	--- 	--- 	--- 	--- 	--- 	--- 	--- 	--- 	--- 	--- 	--- 	--- 	--- 	--- 	--- 	--- 	--- 	--- 	--- 	--- 	--- 	--- 	--- 	--- 	--- 	--- 	1	1	6	6	7	11	13	16	16	23	28	35	53	72	73
Lithuania	Europe	--- 	--- 	--- 	--- 	--- 	--- 	--- 	--- 	--- 	--- 	--- 	--- 	--- 	--- 	--- 	--- 	--- 	--- 	--- 	--- 	--- 	--- 	--- 	--- 	--- 	--- 	--- 	--- 	--- 	--- 	--- 	--- 	--- 	--- 	--- 	--- 	--- 	--- 	--- 	--- 	--- 	--- 	--- 	--- 	--- 	--- 	--- 	--- 	5	5	5	5	5	5	5	7	7	7	7	7	7	10	10	10	12	12	18	18
Luxembourg	Asia	--- 	--- 	--- 	--- 	--- 	--- 	--- 	--- 	--- 	--- 	--- 	--- 	--- 	--- 	--- 	--- 	--- 	--- 	--- 	--- 	--- 	--- 	--- 	--- 	--- 	--- 	--- 	--- 	--- 	--- 	--- 	--- 	--- 	--- 	--- 	--- 	--- 	--- 	--- 	--- 	--- 	--- 	--- 	--- 	--- 	--- 	--- 	--- 	--- 	--- 	--- 	--- 	--- 	--- 	--- 	--- 	--- 	--- 	--- 	4	13	13	16	16	16	23	29	29
Latvia	Europe	--- 	--- 	--- 	--- 	--- 	--- 	--- 	--- 	--- 	--- 	--- 	--- 	--- 	--- 	--- 	--- 	--- 	--- 	--- 	--- 	--- 	--- 	--- 	--- 	--- 	--- 	--- 	--- 	--- 	--- 	--- 	--- 	--- 	--- 	--- 	--- 	--- 	--- 	--- 	--- 	--- 	--- 	--- 	--- 	--- 	--- 	--- 	--- 	--- 	--- 	--- 	--- 	--- 	--- 	--- 	--- 	--- 	--- 	--- 	3	9	9	9	9	13	17	24	28
Morocco	Africa	--- 	--- 	--- 	--- 	--- 	--- 	--- 	--- 	--- 	--- 	--- 	--- 	--- 	--- 	--- 	--- 	--- 	--- 	--- 	--- 	--- 	--- 	--- 	--- 	--- 	--- 	--- 	--- 	--- 	--- 	--- 	--- 	--- 	--- 	--- 	--- 	--- 	--- 	--- 	--- 	--- 	--- 	--- 	1	1	1	1	3	3	3	3	3	3	3	3	3	4	4	8	8	8	13	15	16	31	44	70	82
Macedonia	Europe	--- 	--- 	--- 	--- 	--- 	--- 	--- 	--- 	--- 	--- 	--- 	--- 	--- 	--- 	--- 	--- 	--- 	--- 	--- 	--- 	--- 	--- 	--- 	--- 	--- 	--- 	--- 	--- 	--- 	--- 	--- 	--- 	--- 	--- 	--- 	--- 	--- 	--- 	--- 	--- 	--- 	--- 	--- 	--- 	--- 	--- 	--- 	--- 	--- 	--- 	--- 	--- 	--- 	--- 	--- 	--- 	3	3	3	4	4	4	4	8	8	13	26	26
Myanmar	Asia	--- 	--- 	--- 	--- 	--- 	--- 	--- 	--- 	--- 	--- 	--- 	--- 	--- 	--- 	--- 	--- 	--- 	--- 	--- 	--- 	--- 	--- 	--- 	--- 	--- 	--- 	--- 	--- 	--- 	--- 	--- 	--- 	--- 	--- 	--- 	--- 	--- 	--- 	--- 	--- 	--- 	--- 	--- 	--- 	--- 	2	2	2	2	2	2	2	2	2	2	7	7	7	7	13	13	15	15	20	30	31	39	39
Mongolia	Asia	--- 	--- 	--- 	--- 	--- 	--- 	--- 	--- 	--- 	--- 	--- 	--- 	--- 	--- 	--- 	--- 	--- 	--- 	--- 	--- 	--- 	--- 	--- 	--- 	--- 	--- 	--- 	--- 	--- 	--- 	--- 	--- 	--- 	--- 	--- 	--- 	--- 	--- 	--- 	--- 	--- 	--- 	--- 	--- 	--- 	--- 	--- 	--- 	--- 	--- 	--- 	--- 	3	3	3	3	3	3	3	3	7	7	7	7	7	10	11	11
Malta	Europe	--- 	--- 	--- 	--- 	--- 	--- 	--- 	--- 	--- 	--- 	--- 	--- 	--- 	--- 	--- 	--- 	--- 	--- 	--- 	--- 	--- 	--- 	--- 	--- 	--- 	--- 	--- 	--- 	--- 	--- 	--- 	--- 	--- 	--- 	--- 	--- 	--- 	--- 	--- 	--- 	--- 	--- 	--- 	--- 	--- 	--- 	--- 	--- 	--- 	--- 	--- 	--- 	--- 	--- 	--- 	--- 	--- 	--- 	--- 	--- 	--- 	2	3	6	8	8	10	10
Mexico	North America	--- 	--- 	--- 	--- 	--- 	--- 	--- 	--- 	--- 	--- 	--- 	--- 	--- 	--- 	--- 	--- 	--- 	--- 	--- 	--- 	--- 	--- 	--- 	--- 	--- 	--- 	--- 	--- 	--- 	--- 	--- 	--- 	--- 	--- 	--- 	--- 	--- 	--- 	1	1	1	1	1	2	2	2	2	8	13	23	34	34	34	34	43	55	56	61	66	66	70	73	83	93	107	116	129	145
Malaysia	Asia	--- 	--- 	--- 	--- 	--- 	--- 	--- 	--- 	--- 	--- 	--- 	--- 	--- 	--- 	--- 	--- 	--- 	--- 	--- 	--- 	--- 	--- 	--- 	--- 	--- 	--- 	--- 	--- 	--- 	--- 	--- 	--- 	--- 	--- 	--- 	--- 	--- 	--- 	--- 	--- 	--- 	--- 	--- 	--- 	--- 	--- 	--- 	--- 	--- 	--- 	--- 	2	9	9	13	20	30	39	42	60	76	85	97	108	117	136	177	191
Nigeria	Africa	--- 	--- 	--- 	--- 	--- 	--- 	--- 	--- 	--- 	--- 	--- 	--- 	--- 	--- 	--- 	--- 	--- 	--- 	--- 	--- 	--- 	--- 	--- 	--- 	--- 	--- 	--- 	--- 	--- 	--- 	--- 	--- 	--- 	--- 	--- 	--- 	--- 	--- 	--- 	--- 	1	1	1	1	1	1	1	2	2	2	2	2	2	2	2	2	2	2	2	3	3	7	13	13	15	15	21	22
Netherlands	Europe	1	1	1	1	1	1	1	1	1	1	1	1	1	1	1	1	1	1	1	1	1	1	1	1	1	1	2	2	2	2	2	2	2	2	2	2	3	3	3	3	5	12	13	13	16	22	28	36	43	46	53	69	98	125	138	156	178	201	210	228	255	290	335	359	412	466	508	541
Norway	Europe	--- 	--- 	--- 	--- 	--- 	--- 	--- 	--- 	--- 	--- 	--- 	--- 	--- 	--- 	--- 	--- 	--- 	--- 	--- 	--- 	--- 	--- 	--- 	--- 	--- 	--- 	1	1	2	2	2	2	2	2	6	6	6	6	6	6	6	6	6	6	7	7	7	7	7	7	9	9	13	13	13	16	21	22	27	28	29	33	41	42	47	48	60	61
Nepal	Asia	--- 	--- 	--- 	--- 	--- 	--- 	--- 	--- 	--- 	--- 	--- 	--- 	--- 	--- 	--- 	--- 	--- 	--- 	--- 	--- 	--- 	--- 	--- 	--- 	--- 	--- 	--- 	--- 	--- 	--- 	--- 	--- 	--- 	--- 	--- 	--- 	--- 	--- 	--- 	--- 	--- 	--- 	--- 	--- 	--- 	--- 	--- 	--- 	--- 	--- 	--- 	--- 	--- 	--- 	--- 	--- 	--- 	--- 	--- 	--- 	--- 	--- 	3	3	15	16	17	17
New Zealand	Oceania	--- 	--- 	--- 	--- 	--- 	--- 	--- 	--- 	--- 	--- 	--- 	--- 	--- 	--- 	--- 	--- 	--- 	--- 	--- 	--- 	--- 	--- 	--- 	--- 	1	1	1	1	1	1	1	1	1	1	1	1	1	1	1	1	1	1	1	1	4	4	4	6	6	7	9	9	9	11	15	18	22	29	33	33	34	35	39	39	49	54	59	61
Oman	Asia	--- 	--- 	--- 	--- 	--- 	--- 	--- 	--- 	--- 	--- 	--- 	--- 	--- 	--- 	--- 	--- 	--- 	--- 	--- 	--- 	--- 	--- 	--- 	--- 	--- 	--- 	--- 	--- 	--- 	--- 	--- 	--- 	--- 	--- 	--- 	--- 	--- 	--- 	--- 	--- 	--- 	--- 	--- 	--- 	--- 	--- 	--- 	--- 	--- 	--- 	--- 	--- 	--- 	--- 	--- 	--- 	--- 	--- 	--- 	--- 	--- 	--- 	1	1	1	1	3	3
Peru	South America	--- 	--- 	--- 	--- 	--- 	--- 	--- 	--- 	--- 	--- 	--- 	--- 	--- 	--- 	--- 	--- 	--- 	--- 	--- 	--- 	--- 	--- 	--- 	--- 	--- 	--- 	--- 	--- 	--- 	--- 	--- 	--- 	--- 	--- 	--- 	--- 	1	1	1	1	1	1	1	1	1	1	1	4	4	4	5	5	5	5	5	5	5	5	6	6	6	8	8	11	13	14	19	19
Philippines	Asia	--- 	--- 	--- 	--- 	--- 	--- 	--- 	--- 	--- 	--- 	--- 	--- 	--- 	--- 	--- 	--- 	--- 	--- 	--- 	--- 	--- 	--- 	--- 	--- 	--- 	--- 	--- 	--- 	--- 	--- 	--- 	--- 	--- 	--- 	--- 	--- 	--- 	--- 	--- 	1	1	1	1	1	1	1	1	1	1	1	1	1	1	4	4	7	11	15	19	19	19	22	25	27	27	37	64	66
Pakistan	Asia	--- 	--- 	--- 	--- 	--- 	--- 	--- 	--- 	--- 	--- 	--- 	--- 	--- 	--- 	--- 	--- 	--- 	--- 	--- 	--- 	--- 	--- 	--- 	--- 	--- 	--- 	--- 	--- 	--- 	--- 	--- 	--- 	--- 	--- 	--- 	--- 	--- 	--- 	--- 	--- 	--- 	--- 	--- 	--- 	--- 	--- 	--- 	--- 	--- 	--- 	--- 	--- 	3	3	4	9	11	14	18	18	25	29	32	45	65	104	130	142
Poland	Europe	--- 	--- 	--- 	--- 	--- 	--- 	--- 	--- 	--- 	--- 	--- 	--- 	--- 	--- 	--- 	--- 	--- 	--- 	--- 	--- 	--- 	--- 	--- 	--- 	--- 	--- 	--- 	--- 	--- 	--- 	--- 	--- 	--- 	--- 	--- 	--- 	--- 	--- 	--- 	--- 	--- 	--- 	--- 	1	1	1	1	1	1	2	5	6	11	15	18	23	37	43	50	69	79	104	112	131	151	173	194	198
Palestine	Asia	--- 	--- 	--- 	--- 	--- 	--- 	--- 	--- 	--- 	--- 	--- 	--- 	--- 	--- 	--- 	--- 	--- 	--- 	--- 	--- 	--- 	--- 	--- 	--- 	--- 	--- 	--- 	--- 	--- 	--- 	--- 	--- 	--- 	--- 	--- 	--- 	--- 	--- 	--- 	--- 	--- 	--- 	--- 	--- 	--- 	--- 	--- 	--- 	--- 	--- 	--- 	--- 	--- 	--- 	--- 	--- 	--- 	--- 	--- 	1	1	1	1	1	1	1	2	2
Portugal	Europe	--- 	--- 	--- 	--- 	--- 	--- 	--- 	--- 	--- 	--- 	--- 	--- 	--- 	--- 	--- 	--- 	--- 	--- 	--- 	--- 	--- 	--- 	--- 	--- 	--- 	--- 	--- 	--- 	--- 	--- 	--- 	--- 	--- 	--- 	--- 	--- 	--- 	--- 	--- 	--- 	--- 	--- 	--- 	2	4	4	7	10	10	12	17	21	39	53	65	68	70	76	80	85	92	99	99	113	130	156	173	178
Qatar	Asia	--- 	--- 	--- 	--- 	--- 	--- 	--- 	--- 	--- 	--- 	--- 	--- 	--- 	--- 	--- 	--- 	--- 	--- 	--- 	--- 	--- 	--- 	--- 	--- 	--- 	--- 	--- 	--- 	--- 	--- 	--- 	--- 	--- 	--- 	--- 	--- 	--- 	--- 	--- 	--- 	--- 	--- 	--- 	--- 	--- 	--- 	--- 	--- 	--- 	--- 	--- 	--- 	--- 	--- 	--- 	--- 	--- 	2	2	4	7	7	7	11	11	20	22	28
Romania	Europe	--- 	--- 	--- 	--- 	--- 	--- 	--- 	--- 	--- 	--- 	--- 	--- 	--- 	--- 	--- 	--- 	--- 	--- 	--- 	--- 	--- 	--- 	--- 	--- 	--- 	--- 	--- 	--- 	--- 	--- 	--- 	--- 	--- 	--- 	--- 	--- 	--- 	--- 	--- 	--- 	1	2	3	3	3	3	3	4	4	4	7	9	9	17	18	24	27	31	39	43	53	53	60	67	83	95	114	119
Serbia	Europe	--- 	--- 	--- 	--- 	--- 	--- 	--- 	--- 	--- 	--- 	--- 	--- 	--- 	--- 	--- 	--- 	--- 	--- 	--- 	--- 	--- 	--- 	--- 	--- 	--- 	--- 	--- 	--- 	--- 	--- 	--- 	--- 	--- 	--- 	--- 	--- 	--- 	--- 	--- 	--- 	--- 	--- 	--- 	--- 	--- 	--- 	--- 	--- 	--- 	--- 	1	2	4	4	4	5	14	14	15	19	19	26	30	38	38	39	48	48
Russia	Europe	--- 	--- 	--- 	--- 	--- 	--- 	--- 	--- 	--- 	--- 	--- 	--- 	--- 	--- 	--- 	--- 	--- 	--- 	--- 	--- 	--- 	--- 	--- 	--- 	--- 	--- 	--- 	--- 	--- 	--- 	--- 	--- 	--- 	--- 	--- 	--- 	--- 	--- 	--- 	--- 	--- 	--- 	--- 	6	6	9	9	9	11	16	16	16	16	16	16	16	16	22	26	42	58	84	102	135	179	251	297	311
Saudi Arabia	Asia	--- 	--- 	--- 	--- 	--- 	--- 	--- 	--- 	--- 	--- 	--- 	--- 	--- 	--- 	--- 	--- 	--- 	--- 	--- 	--- 	--- 	--- 	--- 	--- 	--- 	--- 	--- 	--- 	--- 	--- 	--- 	--- 	--- 	--- 	--- 	--- 	--- 	--- 	--- 	--- 	--- 	--- 	--- 	--- 	--- 	--- 	--- 	--- 	--- 	--- 	--- 	5	5	5	5	10	18	23	25	25	31	37	45	56	65	101	135	149
Sudan	Africa	--- 	--- 	--- 	--- 	--- 	--- 	--- 	--- 	--- 	--- 	--- 	--- 	--- 	--- 	--- 	--- 	--- 	--- 	--- 	--- 	--- 	--- 	--- 	--- 	--- 	--- 	--- 	--- 	--- 	--- 	--- 	--- 	--- 	--- 	--- 	--- 	--- 	--- 	--- 	--- 	--- 	--- 	--- 	--- 	--- 	--- 	--- 	--- 	--- 	--- 	--- 	--- 	--- 	--- 	--- 	--- 	--- 	--- 	--- 	--- 	--- 	2	2	2	3	3	4	5
Sweden	Europe	--- 	--- 	--- 	--- 	--- 	--- 	--- 	--- 	--- 	--- 	--- 	--- 	--- 	--- 	--- 	--- 	--- 	--- 	--- 	--- 	--- 	--- 	--- 	--- 	--- 	--- 	--- 	--- 	--- 	--- 	--- 	--- 	--- 	--- 	--- 	--- 	--- 	1	1	1	3	3	3	3	3	4	4	7	9	10	11	13	15	23	27	34	43	45	51	54	66	68	81	100	120	169	209	210
Singapore	Asia	--- 	--- 	--- 	--- 	--- 	--- 	--- 	--- 	--- 	--- 	--- 	--- 	--- 	--- 	--- 	--- 	--- 	--- 	--- 	--- 	--- 	--- 	--- 	--- 	--- 	--- 	--- 	--- 	--- 	--- 	--- 	--- 	--- 	--- 	--- 	--- 	--- 	2	6	6	6	6	10	12	13	13	14	19	22	32	38	51	87	114	166	176	207	236	253	287	310	334	372	417	474	583	654	685
Slovenia	Europe	--- 	--- 	--- 	--- 	--- 	--- 	--- 	--- 	--- 	--- 	--- 	--- 	--- 	--- 	--- 	--- 	--- 	--- 	--- 	--- 	--- 	--- 	--- 	--- 	--- 	--- 	--- 	--- 	--- 	--- 	--- 	--- 	--- 	--- 	--- 	--- 	1	1	1	1	1	2	2	5	7	11	15	24	24	24	24	27	34	38	38	38	38	40	42	46	50	55	55	55	64	76	100	103
Slovakia	Europe	--- 	--- 	--- 	--- 	--- 	--- 	--- 	--- 	--- 	--- 	--- 	--- 	--- 	--- 	--- 	--- 	--- 	--- 	--- 	--- 	--- 	--- 	--- 	--- 	--- 	1	1	1	1	1	1	1	1	1	1	1	1	1	1	1	1	1	1	1	1	1	2	2	2	2	2	2	8	10	14	15	15	30	39	56	64	76	80	88	93	96	103	104
Senegal	Africa	--- 	--- 	--- 	--- 	--- 	--- 	--- 	--- 	--- 	--- 	--- 	--- 	--- 	--- 	--- 	--- 	--- 	--- 	--- 	--- 	--- 	--- 	--- 	--- 	--- 	--- 	--- 	--- 	--- 	--- 	--- 	--- 	--- 	--- 	--- 	--- 	--- 	--- 	--- 	--- 	--- 	--- 	--- 	--- 	--- 	--- 	--- 	--- 	--- 	--- 	--- 	--- 	--- 	--- 	--- 	--- 	2	2	2	2	2	2	2	2	2	2	2	2
South Sudan	Africa	--- 	--- 	--- 	--- 	--- 	--- 	--- 	--- 	--- 	--- 	--- 	--- 	--- 	--- 	--- 	--- 	--- 	--- 	--- 	--- 	--- 	--- 	--- 	--- 	--- 	--- 	--- 	--- 	--- 	--- 	--- 	--- 	--- 	--- 	--- 	--- 	--- 	--- 	4	4	4	4	4	4	5	5	5	5	5	5	6	13	13	13	13	13	13	17	20	20	20	20	23	23	23	23	23	23
Syria	Asia	--- 	--- 	--- 	--- 	--- 	--- 	--- 	--- 	--- 	--- 	--- 	--- 	--- 	--- 	--- 	--- 	--- 	--- 	--- 	--- 	--- 	--- 	--- 	--- 	--- 	--- 	--- 	--- 	--- 	--- 	--- 	--- 	--- 	--- 	--- 	--- 	--- 	--- 	--- 	--- 	--- 	--- 	--- 	--- 	--- 	--- 	--- 	--- 	--- 	--- 	--- 	--- 	--- 	--- 	--- 	--- 	--- 	--- 	--- 	--- 	--- 	--- 	--- 	--- 	1	2	2	2
Togo	Africa	--- 	--- 	--- 	--- 	--- 	--- 	--- 	--- 	--- 	--- 	--- 	--- 	--- 	--- 	--- 	--- 	--- 	--- 	--- 	--- 	--- 	--- 	--- 	--- 	--- 	--- 	--- 	--- 	--- 	--- 	--- 	--- 	--- 	--- 	--- 	--- 	--- 	--- 	--- 	--- 	--- 	--- 	--- 	--- 	--- 	--- 	--- 	--- 	--- 	--- 	--- 	--- 	--- 	--- 	--- 	--- 	--- 	--- 	--- 	--- 	--- 	--- 	1	1	1	1	1	1
Thailand	Asia	--- 	--- 	--- 	--- 	--- 	--- 	--- 	--- 	--- 	--- 	--- 	--- 	--- 	--- 	1	1	1	1	1	1	1	1	1	1	1	1	1	1	1	1	1	1	1	1	1	1	1	1	1	1	1	2	2	2	2	5	12	12	17	22	25	29	33	33	52	52	54	63	71	83	96	101	112	125	153	171	210	218
Tadzhikistan	Asia	--- 	--- 	--- 	--- 	--- 	--- 	--- 	--- 	--- 	--- 	--- 	--- 	--- 	--- 	--- 	--- 	--- 	--- 	--- 	--- 	--- 	--- 	--- 	--- 	--- 	--- 	--- 	--- 	--- 	--- 	--- 	--- 	--- 	--- 	--- 	--- 	--- 	--- 	--- 	--- 	--- 	--- 	--- 	--- 	--- 	--- 	--- 	--- 	--- 	--- 	--- 	--- 	--- 	--- 	--- 	--- 	--- 	--- 	--- 	1	1	1	1	1	1	1	1	1
Tunisia	Africa	--- 	--- 	--- 	--- 	--- 	--- 	--- 	--- 	--- 	--- 	--- 	--- 	--- 	--- 	--- 	--- 	--- 	--- 	--- 	--- 	--- 	--- 	--- 	--- 	--- 	--- 	--- 	--- 	--- 	--- 	--- 	--- 	--- 	--- 	--- 	--- 	--- 	--- 	--- 	--- 	--- 	--- 	--- 	--- 	--- 	--- 	--- 	--- 	--- 	--- 	--- 	--- 	--- 	--- 	2	8	8	10	10	15	15	15	15	21	25	33	39	40
Turkey	Asia	--- 	--- 	--- 	--- 	--- 	--- 	--- 	--- 	--- 	--- 	--- 	--- 	--- 	--- 	--- 	--- 	--- 	--- 	--- 	--- 	--- 	--- 	--- 	--- 	--- 	--- 	--- 	--- 	--- 	--- 	--- 	--- 	--- 	--- 	--- 	--- 	--- 	--- 	--- 	--- 	--- 	--- 	--- 	--- 	2	3	3	3	9	23	33	48	58	69	72	81	99	127	145	154	163	173	186	205	257	322	391	402
Taiwan	Asia	--- 	--- 	--- 	--- 	--- 	--- 	--- 	--- 	--- 	--- 	--- 	--- 	--- 	--- 	--- 	--- 	--- 	--- 	--- 	--- 	--- 	--- 	--- 	--- 	--- 	--- 	--- 	--- 	--- 	--- 	--- 	--- 	--- 	4	15	29	32	37	47	56	67	69	76	76	77	87	87	97	128	141	158	166	201	217	248	264	299	324	377	432	459	484	504	558	666	763	829	859
Ukraine	Europe	--- 	--- 	--- 	--- 	--- 	--- 	--- 	--- 	--- 	--- 	--- 	--- 	--- 	--- 	--- 	--- 	--- 	--- 	--- 	--- 	--- 	--- 	--- 	--- 	--- 	--- 	--- 	--- 	--- 	--- 	--- 	--- 	--- 	--- 	--- 	--- 	--- 	--- 	--- 	--- 	--- 	--- 	--- 	--- 	--- 	--- 	--- 	--- 	--- 	--- 	--- 	--- 	--- 	--- 	--- 	--- 	--- 	1	1	1	1	3	3	3	7	17	17	22
Uganda	Africa	--- 	--- 	--- 	--- 	--- 	--- 	--- 	--- 	--- 	--- 	--- 	--- 	--- 	--- 	--- 	--- 	--- 	--- 	--- 	--- 	--- 	--- 	--- 	--- 	--- 	--- 	--- 	--- 	--- 	--- 	--- 	--- 	--- 	--- 	--- 	--- 	--- 	--- 	--- 	--- 	--- 	--- 	--- 	--- 	--- 	--- 	--- 	--- 	--- 	--- 	--- 	--- 	--- 	--- 	--- 	--- 	--- 	--- 	--- 	1	1	1	3	3	3	3	3	3
United States	North America	--- 	--- 	--- 	--- 	1	1	3	4	4	5	6	6	7	7	7	8	8	8	9	16	21	27	34	37	42	42	46	51	56	61	72	75	89	129	165	181	243	294	358	404	488	522	579	635	715	822	950	1092	1239	1389	1604	1768	2018	2220	2524	2857	3128	3479	3767	4127	4613	5244	6139	7526	9795	12191	13315	13852
Uruguay	South America	--- 	--- 	--- 	--- 	--- 	--- 	--- 	--- 	--- 	--- 	--- 	--- 	--- 	--- 	--- 	--- 	--- 	--- 	--- 	--- 	--- 	--- 	--- 	--- 	--- 	--- 	--- 	--- 	--- 	--- 	--- 	--- 	--- 	--- 	--- 	--- 	--- 	--- 	--- 	--- 	--- 	--- 	--- 	--- 	--- 	--- 	--- 	--- 	--- 	--- 	--- 	--- 	--- 	--- 	--- 	--- 	--- 	--- 	4	4	4	4	4	4	4	6	6	6
Uzbekistan	Asia	--- 	--- 	--- 	--- 	--- 	--- 	--- 	--- 	--- 	--- 	--- 	--- 	--- 	--- 	--- 	--- 	--- 	--- 	--- 	--- 	--- 	--- 	--- 	--- 	--- 	--- 	--- 	--- 	--- 	--- 	--- 	--- 	--- 	--- 	--- 	--- 	--- 	--- 	--- 	--- 	--- 	--- 	--- 	--- 	--- 	--- 	--- 	--- 	--- 	--- 	--- 	--- 	--- 	--- 	--- 	--- 	--- 	--- 	--- 	--- 	--- 	--- 	--- 	1	4	9	11	13
Viet Nam	Asia	--- 	--- 	--- 	--- 	--- 	--- 	--- 	--- 	--- 	--- 	--- 	--- 	--- 	--- 	--- 	--- 	--- 	--- 	--- 	--- 	--- 	--- 	--- 	--- 	--- 	--- 	--- 	--- 	--- 	--- 	--- 	--- 	--- 	--- 	--- 	--- 	--- 	--- 	--- 	--- 	--- 	--- 	--- 	--- 	--- 	--- 	--- 	--- 	--- 	--- 	5	10	16	18	20	24	24	30	33	48	59	64	70	84	125	218	273	301
Yemen	Asia	--- 	--- 	--- 	--- 	--- 	--- 	--- 	--- 	--- 	--- 	--- 	--- 	--- 	--- 	--- 	--- 	--- 	--- 	--- 	--- 	--- 	--- 	--- 	--- 	--- 	--- 	--- 	--- 	--- 	--- 	--- 	--- 	--- 	--- 	--- 	--- 	--- 	--- 	--- 	--- 	--- 	--- 	--- 	--- 	--- 	--- 	--- 	--- 	--- 	--- 	--- 	--- 	--- 	--- 	--- 	--- 	--- 	--- 	--- 	--- 	--- 	--- 	--- 	--- 	--- 	4	9	9
South Africa	Africa	--- 	--- 	--- 	--- 	--- 	--- 	--- 	--- 	--- 	--- 	--- 	--- 	--- 	--- 	--- 	--- 	--- 	--- 	1	1	1	1	1	1	1	1	1	1	1	1	1	1	1	1	1	1	2	2	2	2	2	2	2	4	4	4	6	8	8	9	9	9	11	12	13	13	20	27	27	33	37	37	49	65	79	96	114	120
Zambia	Africa	--- 	--- 	--- 	--- 	--- 	--- 	--- 	--- 	--- 	--- 	--- 	--- 	--- 	--- 	--- 	--- 	--- 	--- 	--- 	--- 	--- 	--- 	--- 	--- 	--- 	--- 	--- 	--- 	--- 	--- 	--- 	--- 	--- 	--- 	--- 	--- 	--- 	--- 	--- 	--- 	--- 	--- 	--- 	--- 	--- 	--- 	--- 	--- 	--- 	--- 	--- 	--- 	--- 	--- 	--- 	--- 	--- 	--- 	--- 	--- 	--- 	--- 	--- 	--- 	--- 	2	2	2
Zimbabwe	Africa	--- 	--- 	--- 	--- 	--- 	--- 	--- 	--- 	--- 	--- 	--- 	--- 	--- 	--- 	--- 	--- 	--- 	--- 	--- 	--- 	--- 	--- 	--- 	--- 	--- 	--- 	--- 	--- 	--- 	--- 	--- 	--- 	--- 	--- 	--- 	--- 	--- 	--- 	--- 	--- 	--- 	--- 	--- 	--- 	--- 	--- 	--- 	--- 	--- 	--- 	--- 	--- 	--- 	--- 	--- 	--- 	--- 	--- 	--- 	--- 	--- 	4	4	4	4	4	4	4